architecture,tx_side_m,distance_m,capture_fraction,envelope_capture_fraction,plane_power_w_per_radiated_w,rf_feed_to_load_efficiency,rf_feed_for_5w_w,radiated_for_5w_w,wall_for_5w_w,rx_peak_e_rms_at_5w_v_m,rx_peak_h_rms_at_5w_a_m,plane_outside_20cm_peak_e_rms_at_5w_v_m,plane_outside_20cm_peak_h_rms_at_5w_a_m,rx_plane_eh_constrained_rf_feed_w,rx_plane_eh_constrained_load_w,minimum_local_sz_w_m2_per_radiated_w
144,0.1,1.0,0.7088971720036686,0.8210529773497892,1.0000000000000002,0.11484134186459431,43.538327912393584,26.12299674743615,143.2169140075987,1998.521387604152,5.30505748537203,130.17044899964532,0.34487106239684917,0.007946605868570508,0.000912598881215697,-7.75222133535613e-05
144,0.2,1.0,0.7310222152657941,0.7508323377677562,1.0000000000000004,0.11842559887305865,42.22060135291813,25.332360811750878,139.033655088629,3498.9277364579707,9.288698770201671,490.99756175853236,1.303035019151236,0.0025140968094813335,0.000297733420287673,-0.0028711089731024535
144,0.3,1.0,0.3810602136897374,0.3858027412423907,1.0000000000000004,0.06173175461773746,80.99559183051868,48.597355098311205,262.12886295402757,4639.533726236037,12.317106433430508,556.3056248459206,1.4634680134357263,0.002743091151707289,0.00016933582987128118,-0.008029073854720157
144,0.4,1.0,0.12142080111125664,0.1220164032533193,1.0000000000000007,0.019670169780023575,254.1920103342396,152.51520620054376,811.95876296584,3392.8485466108878,9.006870621856057,598.9929514378781,1.590162107408292,0.016097575733216064,0.00031664204771914744,-0.006187224483632728
144,0.6,1.0,0.02738182971009676,0.028033843486130763,1.0000000000000002,0.004435856413035674,1127.1780541197127,676.3068324718275,3583.3430289514686,2117.816855555648,5.621279474106133,1939.815228114893,5.067630136723995,0.18320750143409878,0.0008126821701526897,-0.0016739910969072586
144,0.1,5.0,0.078094063119624,0.14531339296329843,1.0000000000000004,0.012651238225379086,395.2182316802574,237.13093900815443,1259.6610529531981,1259.3933463019687,3.3427585682792227,273.59946420545924,0.7259440654618056,0.18165263835881945,0.0022981308021460603,-2.7563357482519478e-05
144,0.2,5.0,0.2601586674180606,0.42280843518118233,1.0000000000000004,0.042145704121725816,118.63605328692408,71.18163197215445,381.6223913870606,1327.987214853972,3.524804643007674,186.93418213767444,0.49596314653040796,0.04904067406450698,0.002066853739052704,-0.00015482225392336762
144,0.3,5.0,0.4431605437405327,0.6102476394866251,1.0,0.0717920080859663,69.64563512435566,41.7873810746134,226.09725436303384,1487.009187700446,3.947324622022583,155.99938342115618,0.4142271194690576,0.022961176014798638,0.0016484289341177191,-0.00033620629139657844
144,0.4,5.0,0.5357679492119511,0.6595260193026671,1.0000000000000004,0.08679440777233609,57.607398083931,34.5644388503586,187.8806288378762,1797.4937973891515,4.771217393296501,235.86489551380188,0.6258005725649248,0.012997834044241272,0.001128139308193029,-0.0010789144942654854
144,0.6,5.0,0.41963604454012354,0.47135228641395827,1.0,0.06798103921550001,73.5499200615335,44.129952036920095,238.49180971915396,2127.774725621069,5.6484814239439,706.2627945537434,1.8752540860012674,0.011842910346038028,0.000805093352659662,-0.005164232019244434
