tx_side_m,rf_feed_w,load_w,wall_input_w,wall_efficiency
0.03,1,0.003523572984341814,8.174603174603174,0.0004310390252689987
0.03,5,0.01761786492170907,20.873015873015873,0.00084404980233283
0.03,10,0.03523572984341814,36.74603174603175,0.0009588989115055477
0.03,20,0.07047145968683628,68.4920634920635,0.0010288996431681774
0.03,30,0.10570718953025443,100.23809523809524,0.0010545610356937497
0.03,50,0.1761786492170907,163.73015873015873,0.0010760305284223668
0.03,75,0.26426797382563605,243.0952380952381,0.0010870964643170142
0.03,100,0.3523572984341814,322.46031746031747,0.001092715225269674
0.03,150,0.5285359476512721,481.1904761904762,0.0010983923701807733
0.03,200,0.7047145968683628,639.9206349206349,0.001101253121734016
0.03,300,1.0570718953025442,957.3809523809524,0.0011041288137952463
0.05,1,0.009170692754469606,8.174603174603174,0.0011218517350127868
0.05,5,0.04585346377234803,20.873015873015873,0.002196781914568765
0.05,10,0.09170692754469606,36.74603174603175,0.0024956960843696982
0.05,20,0.18341385508939212,68.4920634920635,0.0026778847904129093
0.05,30,0.2751207826340882,100.23809523809524,0.0027446728908863904
0.05,50,0.4585346377234803,163.73015873015873,0.0028005508653978924
0.05,75,0.6878019565852205,243.0952380952381,0.002829351829243806
0.05,100,0.9170692754469606,322.46031746031747,0.0028439756019275667
0.05,150,1.375603913170441,481.1904761904762,0.0028587513287065074
0.05,200,1.8341385508939212,639.9206349206349,0.0028661969169370464
0.05,300,2.751207826340882,957.3809523809524,0.0028736813903585436
0.1,1,0.03186397061440891,8.174603174603174,0.0038979226188500223
0.1,5,0.15931985307204455,20.873015873015873,0.007632814253641678
0.1,10,0.3186397061440891,36.74603174603175,0.008671404530055124
0.1,20,0.6372794122881782,68.4920634920635,0.009304427108726587
0.1,30,0.9559191184322673,100.23809523809524,0.009536485267020244
0.1,50,1.5931985307204455,163.73015873015873,0.009730635718408926
0.1,75,2.3897977960806682,243.0952380952381,0.009830705919234874
0.1,100,3.186397061440891,322.46031746031747,0.009881516853102443
0.1,150,4.7795955921613364,481.1904761904762,0.009932855758078977
0.1,200,6.372794122881782,639.9206349206349,0.009958725778036767
0.1,300,9.559191184322673,957.3809523809524,0.009984730906280832
0.15,1,0.05929853557827629,8.174603174603174,0.007253995614429915
0.15,5,0.29649267789138145,20.873015873015873,0.014204592172742989
0.15,10,0.5929853557827629,36.74603174603175,0.016137398451107586
0.15,20,1.1859707115655258,68.4920634920635,0.01731544723722552
0.15,30,1.7789560673482887,100.23809523809524,0.0177473051849473
0.15,50,2.9649267789138145,163.73015873015873,0.018108617263361153
0.15,75,4.447390168370721,243.0952380952381,0.018294846921799245
0.15,100,5.929853557827629,322.46031746031747,0.018389405569438376
0.15,150,8.894780336741443,481.1904761904762,0.018484946766112845
0.15,200,11.859707115655258,639.9206349206349,0.018533090618536058
0.15,300,17.789560673482885,957.3809523809524,0.018581485906149744
0.2,1,0.08249353104785973,8.174603174603174,0.010091441662165366
0.2,5,0.4124676552392986,20.873015873015873,0.019760807817548146
0.2,10,0.8249353104785973,36.74603174603175,0.02244964343851042
0.2,20,1.6498706209571945,68.4920634920635,0.024088493423013498
0.2,30,2.4748059314357915,100.23809523809524,0.024689275325487706
0.2,50,4.1246765523929865,163.73015873015873,0.025191916897795263
0.2,75,6.187014828589479,243.0952380952381,0.02545099145942783
0.2,100,8.249353104785973,322.46031746031747,0.0255825373173279
0.2,150,12.374029657178959,481.1904761904762,0.025715450054503524
0.2,200,16.498706209571946,639.9206349206349,0.025782425677862646
0.2,300,24.748059314357917,957.3809523809524,0.025849751086869745
0.25,1,0.09702573915784402,8.174603174603174,0.011869168091153735
0.25,5,0.4851286957892201,20.873015873015873,0.023241907098647045
0.25,10,0.9702573915784402,36.74603174603175,0.026404412816173534
0.25,20,1.9405147831568803,68.4920634920635,0.028331965547829307
0.25,30,2.9107721747353206,100.23809523809524,0.029038582265768043
0.25,50,4.851286957892201,163.73015873015873,0.029629770077286347
0.25,75,7.276930436838301,243.0952380952381,0.0299344836774935
0.25,100,9.702573915784402,322.46031746031747,0.030089202889215717
0.25,150,14.553860873676602,481.1904761904762,0.03024552977211367
0.25,200,19.405147831568804,639.9206349206349,0.03032430394118404
0.25,300,29.107721747353203,957.3809523809524,0.030403489514768327
0.3,1,0.1030840190194797,8.174603174603174,0.012610278054810138
0.3,5,0.5154200950973985,20.873015873015873,0.02469313003128221
0.3,10,1.030840190194797,36.74603174603175,0.02805310236815214
0.3,20,2.061680380389594,68.4920634920635,0.030101011347518986
0.3,30,3.092520570584391,100.23809523809524,0.030851749160224325
0.3,50,5.154200950973984,163.73015873015873,0.031479850694266696
0.3,75,7.731301426460977,243.0952380952381,0.03180359058877189
0.3,100,10.308401901947969,322.46031746031747,0.03196797045644706
0.3,150,15.462602852921954,481.1904761904762,0.03213405837816537
0.3,200,20.616803803895937,639.9206349206349,0.032217751200432694
0.3,300,30.925205705843908,957.3809523809524,0.03230188111528088
0.35,1,0.10182828716735046,8.174603174603174,0.012456664255423454
0.35,5,0.5091414358367523,20.873015873015873,0.024392327344270263
0.35,10,1.0182828716735046,36.74603174603175,0.02771136972588803
0.35,20,2.0365657433470092,68.4920634920635,0.02973433182638739
0.35,30,3.054848615020514,100.23809523809524,0.030475924425382796
0.35,50,5.091414358367523,163.73015873015873,0.03109637465604982
0.35,75,7.637121537551284,243.0952380952381,0.0314161708694568
0.35,100,10.182828716735045,322.46031746031747,0.03157854832164941
0.35,150,15.274243075102568,481.1904761904762,0.031742613020994945
0.35,200,20.36565743347009,639.9206349206349,0.03182528632788331
0.35,300,30.548486150205136,957.3809523809524,0.03190839140285043
0.4,1,0.0939611812560805,8.174603174603174,0.011494280425501109
0.4,5,0.4698059062804025,20.873015873015873,0.022507811479593427
0.4,10,0.939611812560805,36.74603174603175,0.025570429456298362
0.4,20,1.87922362512161,68.4920634920635,0.02743710043630624
0.4,30,2.8188354376824147,100.23809523809524,0.0281213986657153
0.4,50,4.698059062804025,163.73015873015873,0.028693913810630495
0.4,75,7.047088594206037,243.0952380952381,0.02898900303199349
0.4,100,9.39611812560805,322.46031746031747,0.02913883543752435
0.4,150,14.094177188412074,481.1904761904762,0.029290224735938005
0.4,200,18.7922362512161,639.9206349206349,0.029366510822934743
0.4,300,28.188354376824147,957.3809523809524,0.029443195320234126
0.5,1,0.06691543248689057,8.174603174603174,0.008185771352765254
0.5,5,0.33457716243445285,20.873015873015873,0.016029172040585953
0.5,10,0.6691543248689057,36.74603174603175,0.01821024728584927
0.5,20,1.3383086497378114,68.4920634920635,0.019539616438813932
0.5,30,2.007462974606717,100.23809523809524,0.020026946540019505
0.5,50,3.345771624344528,163.73015873015873,0.020434669154988393
0.5,75,5.018657436516793,243.0952380952381,0.020644820013095522
0.5,100,6.691543248689056,322.46031746031747,0.02075152471904556
0.5,150,10.037314873033585,481.1904761904762,0.020859338182454754
0.5,200,13.383086497378113,639.9206349206349,0.020913666112732755
0.5,300,20.07462974606717,957.3809523809524,0.02096827777505151
0.6,1,0.03849018656907258,8.174603174603174,0.004708508259905967
0.6,5,0.1924509328453629,20.873015873015873,0.009220082714264534
0.6,10,0.3849018656907258,36.74603174603175,0.01047465120454243
0.6,20,0.7698037313814516,68.4920634920635,0.011239312879960939
0.6,30,1.1547055970721776,100.23809523809524,0.011519628284330513
0.6,50,1.9245093284536292,163.73015873015873,0.01175415295129216
0.6,75,2.886763992680444,243.0952380952381,0.011875033074689387
0.6,100,3.8490186569072584,322.46031746031747,0.011936410306923814
0.6,150,5.773527985360888,481.1904761904762,0.011998425303570375
0.6,200,7.698037313814517,639.9206349206349,0.012029675078018469
0.6,300,11.547055970721775,957.3809523809524,0.01206108805695883
