architecture,tx_side_m,distance_m,capture_fraction,envelope_capture_fraction,plane_power_w_per_radiated_w,rf_feed_to_load_efficiency,rf_feed_for_5w_w,radiated_for_5w_w,wall_for_5w_w,rx_peak_e_rms_at_5w_v_m,rx_peak_h_rms_at_5w_a_m,plane_outside_20cm_peak_e_rms_at_5w_v_m,plane_outside_20cm_peak_h_rms_at_5w_a_m,rx_plane_eh_constrained_rf_feed_w,rx_plane_eh_constrained_load_w,minimum_local_sz_w_m2_per_radiated_w,continuous_phase_capture,initial_geometric_capture,improvement_over_geometric_percent,iterations,wall_efficiency_at_5w
144_local_optimized,0.03,3.0,0.021750450520628482,0.041966320512831966,1.0,0.003523572984341814,1419.0141717566764,851.4085030540058,4509.80689446564,1237.7650228990992,3.3229408230856157,853.1338799760691,2.2874857857293405,0.6752084191874994,0.0023791461446492157,-0.0002667915068430752,0.02176096182165664,0.021741583546209642,0.04078348019129763,16,0.0011086949213137967
144_local_optimized,0.05,3.0,0.056609214533763004,0.10707018285534443,1.0000000000000002,0.009170692754469606,545.2150817682888,327.1290490609733,1735.841529423139,1232.7118707439433,3.26198347667449,352.4966269007472,0.9331753602287874,0.26156054451301963,0.0023986913904206738,-0.00012061710982458309,0.056638062992256856,0.05659084426316723,0.032461559524255,14,0.00288044727312269
144_local_optimized,0.1,3.0,0.19669117663215377,0.33637363335888054,1.0000000000000004,0.03186397061440891,156.91704152334978,94.15022491400987,503.1493381693644,1288.1568464536942,3.420045679996887,269.8929502018032,0.7214399019722377,0.06893823300523612,0.002196645830688118,-5.769939143084522e-05,0.19680720259195938,0.19668326472030737,0.004022666523084695,11,0.009937407486595872
144_local_optimized,0.15,3.0,0.3660403430757796,0.5457291814187738,1.0,0.05929853557827629,84.31911431269349,50.59146858761609,272.6797279768047,1415.4753808165647,3.7566600691029293,182.42738855609875,0.488315142631215,0.03067954568433179,0.0018192521312877016,-8.188873404579368e-05,0.36623269104244327,0.3660054819145865,0.009524764768764626,11,0.018336529954384145
144_local_optimized,0.2,3.0,0.5092193274559242,0.6676234930049599,1.0000000000000002,0.08249353104785973,60.61081319333007,36.366487915998036,197.4152799788256,1551.179912219861,4.117488463230854,162.51318237975448,0.4315186577221021,0.018363408491692393,0.0015148624085539572,-0.0004869429905057185,0.5095436778444079,0.5091918937083718,0.005387703121639831,10,0.025327320157468514
144_local_optimized,0.25,3.0,0.5989243157891606,0.7230290589111692,1.0,0.09702573915784402,51.53271743558551,30.919630461351304,168.59592836693813,1748.7362450399119,4.641697974185591,152.76651380190498,0.4057240347064435,0.012284626299434527,0.001191924946980525,-0.0007876857624813599,0.5993933316030688,0.5987129293755465,0.035306806190837925,14,0.02965670670953467
144_local_optimized,0.3,3.0,0.6363211050585167,0.7393376050788422,1.0000000000000004,0.1030840190194797,48.504123602855984,29.102474161713587,158.9813447709714,1986.6330415033597,5.274762817557927,229.34878031447562,0.6191076488155732,0.008959234037072486,0.0009235538518775499,-0.001877171751082106,0.636859138006481,0.6358731699927885,0.070444089618249,15,0.0314502308884291
144_local_optimized,0.35,3.0,0.6285696738725337,0.7032711213199616,1.0000000000000004,0.10182828716735046,49.102269507712656,29.461361704627592,160.88022065940527,2175.216406519514,5.761825581326745,369.2513886176062,0.9630390226337198,0.007565265142679502,0.0007703579914459148,-0.0019142370235878466,0.6290622228029185,0.6240284763529659,0.7277228029894056,57,0.031079022514429237
144_local_optimized,0.4,3.0,0.5800072917042006,0.6367066124076948,1.0000000000000004,0.0939611812560805,53.213464679345286,31.92807880760717,173.93163390268344,2349.1428680043878,6.237567543573039,524.9971880684436,1.4227566871652786,0.007029593381071756,0.0006605088978354271,-0.0028065344209320373,0.5804264395717696,0.5731385823667835,1.1984377860329465,15,0.02874692709894022
144_local_optimized,0.5,3.0,0.41305822522771957,0.44430279314721255,1.0000000000000002,0.06691543248689057,74.72117886975553,44.83270732185332,242.21009165001757,2259.798175784145,5.997154014808846,810.1618893431637,2.1380823391486685,0.010666745565771046,0.0007137698927611919,-0.0034462775009787895,0.41329602981427965,0.38810114339295415,6.4305612749757435,25,0.020643235655204532
144_local_optimized,0.6,3.0,0.2375937442535345,0.26381596005439223,1.0000000000000002,0.03849018656907258,129.90324146720482,77.9419448803229,417.3912427530312,1992.0376485138843,5.325023532935453,1106.0453451914138,2.9380449911866138,0.023864505088267807,0.0009185492532260099,-0.0021577645179799345,0.23779265468905672,0.20612479312040796,15.266941281898049,70,0.011979168434442888
