architecture,tx_side_m,rf_feed_w,load_w,wall_input_w,wall_efficiency
144,0.03,1,0.0035221365344859615,8.174603174603174,0.00043086330421867106
144,0.03,5,0.01761068267242981,20.873015873015873,0.0008437057097818083
144,0.03,10,0.03522136534485962,36.74603174603175,0.0009585079985858125
144,0.03,20,0.07044273068971924,68.4920634920635,0.0010284801931523318
144,0.03,30,0.10566409603457884,100.23809523809524,0.0010541311243354658
144,0.03,50,0.1761068267242981,163.73015873015873,0.0010755918646273173
144,0.03,75,0.2641602400864471,243.0952380952381,0.0010866532892880292
144,0.03,100,0.3522136534485962,322.46031746031747,0.0010922697596486123
144,0.03,150,0.5283204801728942,481.1904761904762,0.0010979445901663314
144,0.03,200,0.7044273068971924,639.9206349206349,0.0011008041754811638
144,0.03,300,1.0566409603457885,957.3809523809524,0.0011036786952132085
144,0.05,1,0.009167716770633091,8.174603174603174,0.0011214876826211356
144,0.05,5,0.04583858385316546,20.873015873015873,0.002196069036311349
144,0.05,10,0.09167716770633091,36.74603174603175,0.00249488620539907
144,0.05,20,0.18335433541266183,68.4920634920635,0.002677015789338979
144,0.05,30,0.2750315031189927,100.23809523809524,0.002743782216389001
144,0.05,50,0.4583858385316546,163.73015873015873,0.0027996420579247928
144,0.05,75,0.6875787577974819,243.0952380952381,0.0028284336755626093
144,0.05,100,0.9167716770633092,322.46031746031747,0.0028430527026821794
144,0.05,150,1.3751575155949638,481.1904761904762,0.002857823634586268
144,0.05,200,1.8335433541266184,639.9206349206349,0.002865266806647078
144,0.05,300,2.7503150311899276,957.3809523809524,0.0028727488512802026
144,0.075,1,0.019333296901275554,8.174603174603174,0.0023650440869521553
144,0.075,5,0.09666648450637777,20.873015873015873,0.004631169980153459
144,0.075,10,0.19333296901275554,36.74603174603175,0.005261329178316889
144,0.075,20,0.3866659380255111,68.4920634920635,0.005645412304891587
144,0.075,30,0.5799989070382666,100.23809523809524,0.005786212374253491
144,0.075,50,0.9666648450637777,163.73015873015873,0.005904012141446243
144,0.075,75,1.4499972675956665,243.0952380952381,0.0059647292104816835
144,0.075,100,1.9333296901275554,322.46031746031747,0.005995558477875264
144,0.075,150,2.899994535191333,481.1904761904762,0.006026708088967639
144,0.075,200,3.866659380255111,639.9206349206349,0.006042404587773087
144,0.075,300,5.799989070382666,957.3809523809524,0.006058183062821984
144,0.1,1,0.031862688884689794,8.174603174603174,0.003897765824729043
144,0.1,5,0.15931344442344897,20.873015873015873,0.007632507223328733
144,0.1,10,0.31862688884689794,36.74603174603175,0.008671055722399382
144,0.1,20,0.6372537776937959,68.4920634920635,0.009304052837707796
144,0.1,30,0.9558806665406938,100.23809523809524,0.009536101661451102
144,0.1,50,1.5931344442344897,163.73015873015873,0.00973024430312873
144,0.1,75,2.3897016663517343,243.0952380952381,0.009830310478626135
144,0.1,100,3.1862688884689794,322.46031746031747,0.009881119368621497
144,0.1,150,4.779403332703469,481.1904761904762,0.009932456208488158
144,0.1,200,6.372537776937959,639.9206349206349,0.009958325187823178
144,0.1,300,9.558806665406937,957.3809523809524,0.009984329270009733
144,0.125,1,0.045536033757404504,8.174603174603174,0.005570427430517445
144,0.125,5,0.22768016878702252,20.873015873015873,0.010907871204245185
144,0.125,10,0.45536033757404504,36.74603174603175,0.012392095579768827
144,0.125,20,0.9107206751480901,68.4920634920635,0.013296732916414757
144,0.125,30,1.3660810127221352,100.23809523809524,0.013628361647109188
144,0.125,50,2.276801687870225,163.73015873015873,0.013905817385925756
144,0.125,75,3.415202531805338,243.0952380952381,0.014048825302235474
144,0.125,100,4.55360337574045,322.46031746031747,0.014121437985313727
144,0.125,150,6.830405063610676,481.1904761904762,0.01419480517920081
144,0.125,200,9.1072067514809,639.9206349206349,0.014231775402289388
144,0.125,300,13.660810127221351,957.3809523809524,0.014268938705379177
144,0.15,1,0.059292888070163,8.174603174603174,0.007253304754214115
144,0.15,5,0.296464440350815,20.873015873015873,0.014203239347605584
144,0.15,10,0.59292888070163,36.74603174603175,0.016135861548251702
144,0.15,20,1.18585776140326,68.4920634920635,0.01731379813868027
144,0.15,30,1.7787866421048901,100.23809523809524,0.01774561495686589
144,0.15,50,2.9646444035081503,163.73015873015873,0.018106892624431745
144,0.15,75,4.446966605262225,243.0952380952381,0.018293104546622276
144,0.15,100,5.929288807016301,322.46031746031747,0.018387654188630417
144,0.15,150,8.89393321052445,481.1904761904762,0.01848318628609732
144,0.15,200,11.858577614032601,639.9206349206349,0.018531325553368568
144,0.15,300,17.7878664210489,957.3809523809524,0.018579716231883953
144,0.175,1,0.07172988818229888,8.174603174603174,0.008774724185407435
144,0.175,5,0.35864944091149437,20.873015873015873,0.017182444697660948
144,0.175,10,0.7172988818229887,36.74603174603175,0.01952044473211589
144,0.175,20,1.4345977636459775,68.4920634920635,0.020945459816847412
144,0.175,30,2.151896645468966,100.23809523809524,0.02146785252011795
144,0.175,50,3.5864944091149438,163.73015873015873,0.02190491010899093
144,0.175,75,5.379741613672416,243.0952380952381,0.022130180976909056
144,0.175,100,7.1729888182298875,322.46031746031747,0.022244562911566967
144,0.175,150,10.759483227344832,481.1904761904762,0.022360133376966004
144,0.175,200,14.345977636459775,639.9206349206349,0.022418370112785954
144,0.175,300,21.518966454689664,957.3809523809524,0.022476910994701962
144,0.2,1,0.08248908678075623,8.174603174603174,0.010090897994539112
144,0.2,5,0.41244543390378113,20.873015873015873,0.01975974322124579
144,0.2,10,0.8248908678075623,36.74603174603175,0.022448433983531933
144,0.2,20,1.6497817356151245,68.4920634920635,0.024087195676420127
144,0.2,30,2.474672603422687,100.23809523809524,0.02468794521229284
144,0.2,50,4.124454339037811,163.73015873015873,0.025190559705223665
144,0.2,75,6.186681508556717,243.0952380952381,0.02544962030943997
144,0.2,100,8.248908678075622,322.46031746031747,0.02558115908042157
144,0.2,150,12.373363017113434,481.1904761904762,0.025714064657039296
144,0.2,200,16.497817356151245,639.9206349206349,0.02578103667214507
144,0.2,300,24.746726034226867,957.3809523809524,0.025848358454054424
144,0.225,1,0.09101815486127095,8.174603174603174,0.01113425972089334
144,0.225,5,0.45509077430635475,20.873015873015873,0.021802827970570607
144,0.225,10,0.9101815486127095,36.74603174603175,0.02476951946548626
144,0.225,20,1.820363097225419,68.4920634920635,0.026577723088111564
144,0.225,30,2.7305446458381284,100.23809523809524,0.027240587915724795
144,0.225,50,4.550907743063547,163.73015873015873,0.02779517089801294
144,0.225,75,6.826361614595321,243.0952380952381,0.028081017415573308
144,0.225,100,9.101815486127094,322.46031746031747,0.028226156811518924
144,0.225,150,13.652723229190642,481.1904761904762,0.02837280433577471
144,0.225,200,18.20363097225419,639.9206349206349,0.028446701010839983
144,0.225,300,27.305446458381283,957.3809523809524,0.02852098361730947
144,0.25,1,0.09699149455883854,8.174603174603174,0.011864978946032678
144,0.25,5,0.4849574727941927,20.873015873015873,0.023233704019797824
144,0.25,10,0.9699149455883854,36.74603174603175,0.026395093551649366
144,0.25,20,1.9398298911767708,68.4920634920635,0.02832196596619619
144,0.25,30,2.909744836765156,100.23809523809524,0.029028333288393483
144,0.25,50,4.849574727941927,163.73015873015873,0.02961931244404667
144,0.25,75,7.274362091912891,243.0952380952381,0.02992391849758486
144,0.25,100,9.699149455883854,322.46031746031747,0.030078583102174882
144,0.25,150,14.548724183825781,481.1904761904762,0.030234854810523643
144,0.25,200,19.398298911767707,639.9206349206349,0.030313601176767097
144,0.25,300,29.097448367651563,957.3809523809524,0.03039275880232195
144,0.3,1,0.10301145353883173,8.174603174603174,0.01260140111251728
144,0.3,5,0.5150572676941587,20.873015873015873,0.02467574742565171
144,0.3,10,1.0301145353883174,36.74603174603175,0.028033354526766304
144,0.3,20,2.060229070776635,68.4920634920635,0.030079821890829198
144,0.3,30,3.090343606164952,100.23809523809524,0.03083003122539857
144,0.3,50,5.150572676941587,163.73015873015873,0.03145769061050121
144,0.3,75,7.72585901541238,243.0952380952381,0.0317812026099236
144,0.3,100,10.301145353883173,322.46031746031747,0.031945466763211416
144,0.3,150,15.45171803082476,481.1904761904762,0.032111437768166246
144,0.3,200,20.602290707766347,639.9206349206349,0.032195071675289094
144,0.3,300,30.90343606164952,957.3809523809524,0.03227914236730365
144,0.35,1,0.10109261316918047,8.174603174603174,0.01236666918380266
144,0.35,5,0.5054630658459024,20.873015873015873,0.02421610125345388
144,0.35,10,1.0109261316918048,36.74603174603175,0.027511164706947602
144,0.35,20,2.0218522633836096,68.4920634920635,0.029519511609077034
144,0.35,30,3.032778395075414,100.23809523809524,0.030255746459184652
144,0.35,50,5.054630658459024,163.73015873015873,0.03087171415248846
144,0.35,75,7.581945987688536,243.0952380952381,0.031189199949355387
144,0.35,100,10.109261316918047,322.46031746031747,0.031350404280868174
144,0.35,150,15.163891975377071,481.1904761904762,0.031513283669759376
144,0.35,200,20.218522633836095,639.9206349206349,0.03159535969072737
144,0.35,300,30.327783950754142,957.3809523809524,0.03167786436039975
144,0.4,1,0.09284845034341892,8.174603174603174,0.011358159944923093
144,0.4,5,0.4642422517170946,20.873015873015873,0.022241263770476773
144,0.4,10,0.9284845034341892,36.74603174603175,0.025267612836437976
144,0.4,20,1.8569690068683784,68.4920634920635,0.027112177852307726
144,0.4,30,2.7854535103025677,100.23809523809524,0.02778837231180709
144,0.4,50,4.642422517170946,163.73015873015873,0.028354107472784253
144,0.4,75,6.963633775756419,243.0952380952381,0.028645702113787423
144,0.4,100,9.284845034341892,322.46031746031747,0.028793760136034418
144,0.4,150,13.927267551512838,481.1904761904762,0.028943356613732766
144,0.4,200,18.569690068683784,639.9206349206349,0.029018739286297366
144,0.4,300,27.854535103025675,957.3809523809524,0.02909451565100916
144,0.45,1,0.080844372967114,8.174603174603174,0.009889699994035306
144,0.45,5,0.40422186483557,20.873015873015873,0.019365762345734533
144,0.45,10,0.80844372967114,36.74603174603175,0.022000844479171413
144,0.45,20,1.61688745934228,68.4920634920635,0.023606931619597597
144,0.45,30,2.42533118901342,100.23809523809524,0.024195703073293023
144,0.45,50,4.0422186483557,163.73015873015873,0.02468829615573525
144,0.45,75,6.06332797253355,243.0952380952381,0.02494219146389903
144,0.45,100,8.0844372967114,322.46031746031747,0.025071107540872172
144,0.45,150,12.1266559450671,481.1904761904762,0.02520136317134182
144,0.45,200,16.1688745934228,639.9206349206349,0.0252669998607376
144,0.45,300,24.2533118901342,957.3809523809524,0.025332979343089687
144,0.5,1,0.06287238522965857,8.174603174603174,0.007691184989259204
144,0.5,5,0.31436192614829284,20.873015873015873,0.015060685435241406
144,0.5,10,0.6287238522965857,36.74603174603175,0.017109979565738617
144,0.5,20,1.2574477045931713,68.4920634920635,0.018359027900201573
144,0.5,30,1.8861715568897572,100.23809523809524,0.018816913394149596
144,0.5,50,3.143619261482929,163.73015873015873,0.01920000130619724
144,0.5,75,4.715428892224393,243.0952380952381,0.019397454796613565
144,0.5,100,6.287238522965858,322.46031746031747,0.019497712377398425
144,0.5,150,9.430857784448786,481.1904761904762,0.019599011724237954
144,0.5,200,12.574477045931715,639.9206349206349,0.019650057147307404
144,0.5,300,18.861715568897573,957.3809523809524,0.019701369159256354
144,0.55,1,0.046403461373837517,8.174603174603174,0.0056765399350519686
144,0.55,5,0.2320173068691876,20.873015873015873,0.011115658047725336
144,0.55,10,0.4640346137383752,36.74603174603175,0.012628155795040015
144,0.55,20,0.9280692274767504,68.4920634920635,0.013550025800935173
144,0.55,30,1.3921038412151254,100.23809523809524,0.01388797181259745
144,0.55,50,2.320173068691876,163.73015873015873,0.014170712877129246
144,0.55,75,3.4802596030378137,243.0952380952381,0.014316444988010595
144,0.55,100,4.640346137383752,322.46031746031747,0.014390440888760833
144,0.55,150,6.960519206075627,481.1904761904762,0.01446520567319032
144,0.55,200,9.280692274767503,639.9206349206349,0.01450288015156524
144,0.55,300,13.921038412151255,957.3809523809524,0.014540751387971965
144,0.6,1,0.03339221648550609,8.174603174603174,0.004084873084634726
144,0.6,5,0.16696108242753044,20.873015873015873,0.007998895964208682
144,0.6,10,0.3339221648550609,36.74603174603175,0.009087298654802952
144,0.6,20,0.6678443297101218,68.4920634920635,0.009750681986497721
144,0.6,30,1.0017664945651827,100.23809523809524,0.009993870017039828
144,0.6,50,1.6696108242753045,163.73015873015873,0.01019733222775998
144,0.6,75,2.5044162364129567,243.0952380952381,0.010302201951943602
144,0.6,100,3.339221648550609,322.46031746031747,0.010355449857676021
144,0.6,150,5.0088324728259135,481.1904761904762,0.010409251056837623
144,0.6,200,6.678443297101218,639.9206349206349,0.010436361843417506
144,0.6,300,10.017664945651827,957.3809523809524,0.010463614218288404
continuous,0.03,1,0.003523453333211438,8.174603174603174,0.0004310243883346031
continuous,0.03,5,0.017617266666057188,20.873015873015873,0.0008440211406552112
continuous,0.03,10,0.035234533332114376,36.74603174603175,0.0009588663498588361
continuous,0.03,20,0.07046906666422875,68.4920634920635,0.0010288647044835251
continuous,0.03,30,0.10570359999634313,100.23809523809524,0.0010545252256167247
continuous,0.03,50,0.17617266666057188,163.73015873015873,0.0010759939892986939
continuous,0.03,75,0.26425899999085783,243.0952380952381,0.0010870595494237051
continuous,0.03,100,0.35234533332114376,322.46031746031747,0.0010926781195782454
continuous,0.03,150,0.5285179999817157,481.1904761904762,0.0010983550717086619
continuous,0.03,200,0.7046906666422875,639.9206349206349,0.0011012157261184202
continuous,0.03,300,1.0570359999634313,957.3809523809524,0.0011040913205288265
continuous,0.05,1,0.009174768757775512,8.174603174603174,0.0011223503528929267
continuous,0.05,5,0.04587384378887756,20.873015873015873,0.0021977582955888105
continuous,0.05,10,0.09174768757775512,36.74603174603175,0.002496805320690528
continuous,0.05,20,0.18349537515551023,68.4920634920635,0.0026790750022704854
continuous,0.05,30,0.2752430627332654,100.23809523809524,0.0027458927873627425
continuous,0.05,50,0.4587384378887756,163.73015873015873,0.002801795597381761
continuous,0.05,75,0.6881076568331634,243.0952380952381,0.002830609362095285
continuous,0.05,100,0.9174768757775512,322.46031746031747,0.0028452396344565947
continuous,0.05,150,1.3762153136663269,481.1904761904762,0.0028600219284505555
continuous,0.05,200,1.8349537515551024,639.9206349206349,0.0028674708259449695
continuous,0.05,300,2.7524306273326538,957.3809523809524,0.0028749586259132417
continuous,0.075,1,0.019351196357994916,8.174603174603174,0.0023672337292304463
continuous,0.075,5,0.09675598178997458,20.873015873015873,0.00463545768271361
continuous,0.075,10,0.19351196357994915,36.74603174603175,0.005266200304767515
continuous,0.075,20,0.3870239271598983,68.4920634920635,0.005650639029217519
continuous,0.075,30,0.5805358907398475,100.23809523809524,0.005791569456312018
continuous,0.075,50,0.9675598178997458,163.73015873015873,0.005909478286736208
continuous,0.075,75,1.4513397268496186,243.0952380952381,0.005970251569802545
continuous,0.075,100,1.9351196357994915,322.46031746031747,0.00600110938003288
continuous,0.075,150,2.9026794536992373,481.1904761904762,0.006032287830547648
continuous,0.075,200,3.870239271598983,639.9206349206349,0.0060479988617322565
continuous,0.075,300,5.805358907398475,957.3809523809524,0.006063791945056849
continuous,0.1,1,0.03191422898954653,8.174603174603174,0.0039040707307600613
continuous,0.1,5,0.15957114494773267,20.873015873015873,0.007644853332096698
continuous,0.1,10,0.31914228989546534,36.74603174603175,0.008685081755254564
continuous,0.1,20,0.6382845797909307,68.4920634920635,0.009319102787214052
continuous,0.1,30,0.9574268696863959,100.23809523809524,0.009551526965992548
continuous,0.1,50,1.5957114494773266,163.73015873015873,0.00974598364683195
continuous,0.1,75,2.3935671742159896,243.0952380952381,0.009846211686294962
continuous,0.1,100,3.191422898954653,322.46031746031747,0.009897102763186963
continuous,0.1,150,4.787134348431979,481.1904761904762,0.009948522643945726
continuous,0.1,200,6.382845797909306,639.9206349206349,0.009974433468145512
continuous,0.1,300,9.574268696863959,957.3809523809524,0.010000479613735047
continuous,0.125,1,0.04572485555015751,8.174603174603174,0.005593526018757133
continuous,0.125,5,0.22862427775078756,20.873015873015873,0.010953102280075754
continuous,0.125,10,0.4572485555015751,36.74603174603175,0.012443481208034225
continuous,0.125,20,0.9144971110031502,68.4920634920635,0.01335186975508655
continuous,0.125,30,1.3717456665047254,100.23809523809524,0.013684873632588709
continuous,0.125,50,2.2862427775078755,163.73015873015873,0.013963479882016109
continuous,0.125,75,3.4293641662618133,243.0952380952381,0.01410708080146877
continuous,0.125,100,4.572485555015751,322.46031746031747,0.014179994583607792
continuous,0.125,150,6.858728332523627,481.1904761904762,0.014253666005244548
continuous,0.125,200,9.144971110031502,639.9206349206349,0.014290789530744998
continuous,0.125,300,13.717456665047253,957.3809523809524,0.01432810693688099
continuous,0.15,1,0.059701123072461615,8.174603174603174,0.007303244181679771
continuous,0.15,5,0.2985056153623081,20.873015873015873,0.014301029481236053
continuous,0.15,10,0.5970112307246161,36.74603174603175,0.016246957898769253
continuous,0.15,20,1.1940224614492323,68.4920634920635,0.017433004651518338
continuous,0.15,30,1.7910336921738486,100.23809523809524,0.01786779455375336
continuous,0.15,50,2.9850561536230806,163.73015873015873,0.018231559639190896
continuous,0.15,75,4.477584230434621,243.0952380952381,0.018419053641356913
continuous,0.15,100,5.970112307246161,322.46031746031747,0.01851425426318032
continuous,0.15,150,8.955168460869242,481.1904761904762,0.018610444104725787
continuous,0.15,200,11.940224614492323,639.9206349206349,0.018658914813667774
continuous,0.15,300,17.910336921738484,957.3809523809524,0.018707638664835022
continuous,0.175,1,0.07269618439136506,8.174603174603174,0.008892931294477668
continuous,0.175,5,0.3634809219568253,20.873015873015873,0.01741391489222813
continuous,0.175,10,0.7269618439136506,36.74603174603175,0.019783410871084227
continuous,0.175,20,1.4539236878273012,68.4920634920635,0.021227622788672067
continuous,0.175,30,2.1808855317409517,100.23809523809524,0.021757052810717332
continuous,0.175,50,3.634809219568253,163.73015873015873,0.022199998141812886
continuous,0.175,75,5.45221382935238,243.0952380952381,0.022428303705465225
continuous,0.175,100,7.269618439136506,322.46031746031747,0.022544226515658374
continuous,0.175,150,10.90442765870476,481.1904761904762,0.022661353867669466
continuous,0.175,200,14.539236878273012,639.9206349206349,0.02272037512913803
continuous,0.175,300,21.80885531740952,957.3809523809524,0.02277970463395175
continuous,0.2,1,0.08429579226589094,8.174603174603174,0.010311912451943942
continuous,0.2,5,0.4214789613294547,20.873015873015873,0.020192528185365512
continuous,0.2,10,0.8429579226589095,36.74603174603175,0.02294010761447572
continuous,0.2,20,1.685915845317819,68.4920634920635,0.02461476205214892
continuous,0.2,30,2.5288737679767284,100.23809523809524,0.02522866941924527
continuous,0.2,50,4.214789613294547,163.73015873015873,0.025742292354586183
continuous,0.2,75,6.322184419941821,243.0952380952381,0.026007026996822377
continuous,0.2,100,8.429579226589095,322.46031746031747,0.02614144677701762
continuous,0.2,150,12.644368839883642,481.1904761904762,0.02627726329911494
continuous,0.2,200,16.85915845317819,639.9206349206349,0.02634570215925154
continuous,0.2,300,25.288737679767284,957.3809523809524,0.026414498446909372
continuous,0.225,1,0.09412721543174257,8.174603174603174,0.011514591402329674
continuous,0.225,5,0.47063607715871286,20.873015873015873,0.022547583924714
continuous,0.225,10,0.9412721543174257,36.74603174603175,0.025615613702806832
continuous,0.225,20,1.8825443086348514,68.4920634920635,0.027485583185167008
continuous,0.225,30,2.8238164629522773,100.23809523809524,0.028171090604274498
continuous,0.225,50,4.7063607715871285,163.73015873015873,0.028744617412505002
continuous,0.225,75,7.059541157380693,243.0952380952381,0.029040228071497462
continuous,0.225,100,9.412721543174257,322.46031746031747,0.02919032523849265
continuous,0.225,150,14.119082314761386,481.1904761904762,0.029341982049479375
continuous,0.225,200,18.825443086348514,639.9206349206349,0.029418402937863235
continuous,0.225,300,28.23816462952277,957.3809523809524,0.029495222940560964
continuous,0.25,1,0.10213953383904298,8.174603174603174,0.012494739090989724
continuous,0.25,5,0.5106976691952149,20.873015873015873,0.02446688453178596
continuous,0.25,10,1.0213953383904297,36.74603174603175,0.027796071843886425
continuous,0.25,20,2.0427906767808595,68.4920634920635,0.02982521729714812
continuous,0.25,30,3.0641860151712894,100.23809523809524,0.0305690766359131
continuous,0.25,50,5.106976691952149,163.73015873015873,0.031191423324574443
continuous,0.25,75,7.6604650379282235,243.0952380952381,0.0315121970218399
continuous,0.25,100,10.213953383904299,322.46031746031747,0.031675070794288496
continuous,0.25,150,15.320930075856447,481.1904761904762,0.03183963697110197
continuous,0.25,200,20.427906767808597,639.9206349206349,0.031922562975863614
continuous,0.25,300,30.641860151712894,957.3809523809524,0.03200592206843923
continuous,0.3,1,0.1140195561501805,8.174603174603174,0.013948023373711402
continuous,0.3,5,0.5700977807509024,20.873015873015873,0.027312669343959584
continuous,0.3,10,1.140195561501805,36.74603174603175,0.03102908007542709
continuous,0.3,20,2.28039112300361,68.4920634920635,0.03329423887583486
continuous,0.3,30,3.420586684505415,100.23809523809524,0.03412461775516091
continuous,0.3,50,5.700977807509025,163.73015873015873,0.0348193506420813
continuous,0.3,75,8.551466711263538,243.0952380952381,0.03517743407179908
continuous,0.3,100,11.40195561501805,322.46031746031747,0.035359251968798286
continuous,0.3,150,17.102933422527077,481.1904761904762,0.03554295911658274
continuous,0.3,200,22.8039112300361,639.9206349206349,0.03563553038552088
continuous,0.3,300,34.20586684505415,957.3809523809524,0.035728585115450746
continuous,0.35,1,0.12247570160971945,8.174603174603174,0.014982464468761798
continuous,0.35,5,0.6123785080485973,20.873015873015873,0.029338285936928995
continuous,0.35,10,1.2247570160971946,36.74603174603175,0.03333032052445929
continuous,0.35,20,2.449514032194389,68.4920634920635,0.03576347254420545
continuous,0.35,30,3.6742710482915832,100.23809523809524,0.03665543563616306
continuous,0.35,50,6.123785080485972,163.73015873015873,0.03740169268740826
continuous,0.35,75,9.185677620728958,243.0952380952381,0.037786333013772405
continuous,0.35,100,12.247570160971945,322.46031746031747,0.037981635251845065
continuous,0.35,150,18.371355241457916,481.1904761904762,0.03817896685508325
continuous,0.35,200,24.49514032194389,639.9206349206349,0.03827840357887796
continuous,0.35,300,36.74271048291583,957.3809523809524,0.03837835961906155
continuous,0.4,1,0.12927486049642622,8.174603174603174,0.01581420623548515
continuous,0.4,5,0.6463743024821311,20.873015873015873,0.03096698179191959
continuous,0.4,10,1.2927486049642622,36.74603174603175,0.03518063158218079
continuous,0.4,20,2.5854972099285245,68.4920634920635,0.037748858453185874
continuous,0.4,30,3.8782458148927867,100.23809523809524,0.03869033829584253
continuous,0.4,50,6.463743024821311,163.73015873015873,0.03947802332173947
continuous,0.4,75,9.695614537231966,243.0952380952381,0.03988401670555755
continuous,0.4,100,12.927486049642622,322.46031746031747,0.040090161020304466
continuous,0.4,150,19.391229074463933,481.1904761904762,0.04029844735910367
continuous,0.4,200,25.854972099285245,639.9206349206349,0.040403404247921874
continuous,0.4,300,38.782458148927866,957.3809523809524,0.04050890928264039
continuous,0.45,1,0.134558784226395,8.174603174603174,0.016460589138374535
continuous,0.45,5,0.672793921131975,20.873015873015873,0.03223271257134177
continuous,0.45,10,1.34558784226395,36.74603174603175,0.03661858922791743
continuous,0.45,20,2.6911756845279,68.4920634920635,0.03929178867329263
continuous,0.45,30,4.03676352679185,100.23809523809524,0.04027175014851726
continuous,0.45,50,6.72793921131975,163.73015873015873,0.04109163066535572
continuous,0.45,75,10.091908816979625,243.0952380952381,0.04151421844399062
continuous,0.45,100,13.4558784226395,322.46031746031747,0.04172878861069596
continuous,0.45,150,20.18381763395925,481.1904761904762,0.041945588353601605
continuous,0.45,200,26.911756845279,639.9206349206349,0.04205483520408228
continuous,0.45,300,40.3676352679185,957.3809523809524,0.04216465260513745
continuous,0.5,1,0.13785626448330965,8.174603174603174,0.016863970218346618
continuous,0.5,5,0.6892813224165483,20.873015873015873,0.033022603279271895
continuous,0.5,10,1.3785626448330965,36.74603174603175,0.03751595966500435
continuous,0.5,20,2.757125289666193,68.4920634920635,0.040254668192113596
continuous,0.5,30,4.135687934499289,100.23809523809524,0.04125864447719006
continuous,0.5,50,6.892813224165482,163.73015873015873,0.042098616880506576
continuous,0.5,75,10.339219836248224,243.0952380952381,0.04253156054088398
continuous,0.5,100,13.785626448330964,322.46031746031747,0.042751388936492773
continuous,0.5,150,20.67843967249645,481.1904761904762,0.04297350154600944
continuous,0.5,200,27.571252896661928,639.9206349206349,0.04308542558575472
continuous,0.5,300,41.3568793449929,957.3809523809524,0.043197934157913495
continuous,0.55,1,0.13921055308720304,8.174603174603174,0.017029640474745228
continuous,0.55,5,0.6960527654360151,20.873015873015873,0.033347014617847115
continuous,0.55,10,1.3921055308720303,36.74603174603175,0.0378845133671438
continuous,0.55,20,2.7842110617440605,68.4920634920635,0.04065012674157029
continuous,0.55,30,4.176316592616091,100.23809523809524,0.0416639660070964
continuous,0.55,50,6.960527654360152,163.73015873015873,0.042512190230217115
continuous,0.55,75,10.440791481540227,243.0952380952381,0.04294938709350534
continuous,0.55,100,13.921055308720304,322.46031746031747,0.043171375065192176
continuous,0.55,150,20.881582963080454,481.1904761904762,0.04339566969071643
continuous,0.55,200,27.842110617440607,639.9206349206349,0.04350869326302265
continuous,0.55,300,41.76316592616091,957.3809523809524,0.043622307110140715
continuous,0.6,1,0.1394076922640852,8.174603174603174,0.01705375652939295
continuous,0.6,5,0.697038461320426,20.873015873015873,0.033394238070864515
continuous,0.6,10,1.394076922640852,36.74603174603175,0.03793816247359554
continuous,0.6,20,2.788153845281704,68.4920634920635,0.04070769229495883
continuous,0.6,30,4.182230767922556,100.23809523809524,0.04172296728093761
continuous,0.6,50,6.97038461320426,163.73015873015873,0.04257239269334642
continuous,0.6,75,10.45557691980639,243.0952380952381,0.04301020868088819
continuous,0.6,100,13.94076922640852,322.46031746031747,0.04323251101470523
continuous,0.6,150,20.91115383961278,481.1904761904762,0.043457123268863765
continuous,0.6,200,27.88153845281704,639.9206349206349,0.043570306896377864
continuous,0.6,300,41.82230767922556,957.3809523809524,0.04368408163460516
