architecture,tx_side_m,distance_m,capture_fraction,envelope_capture_fraction,plane_power_w_per_radiated_w,rf_feed_to_load_efficiency,rf_feed_for_5w_w,radiated_for_5w_w,wall_for_5w_w,rx_peak_e_rms_at_5w_v_m,rx_peak_h_rms_at_5w_a_m,plane_outside_20cm_peak_e_rms_at_5w_v_m,plane_outside_20cm_peak_h_rms_at_5w_a_m,rx_plane_eh_constrained_rf_feed_w,rx_plane_eh_constrained_load_w,minimum_local_sz_w_m2_per_radiated_w,fresnel_capture_fraction,wall_efficiency_at_5w
144,0.03,3.0,0.021741583546209642,0.0420108344944041,1.0,0.0035221365344859615,1419.5928951203266,851.755737072196,4511.6441114931,1218.406840071538,3.2372216152904802,835.6618441910663,2.232421228470648,0.6971186290783864,0.0024553469923477528,-0.0001611432702840272,0.019755221956220086,0.0011082434421772868
144,0.05,3.0,0.05659084426316723,0.10710499984762097,1.0,0.009167716770633091,545.3920670865923,327.23524025195536,1736.4033875764835,1238.9995496289866,3.288132228177582,362.4516318758461,0.9694201326042952,0.25899659111645656,0.002374407391915141,-9.703524392787183e-05,0.053562907262502076,0.002879515230028751
144,0.075,3.0,0.11934133889676267,0.21587014354875217,1.0000000000000004,0.019333296901275554,258.62117700525846,155.17270620315506,826.0196095405031,1257.261892018608,3.3379776366644425,275.91402957759044,0.7320626751614429,0.11927244110424766,0.002305929516008322,-5.210445970626507e-05,0.11501063855538658,0.006053125061742048
144,0.1,3.0,0.19668326472030737,0.3363666192327623,1.0000000000000002,0.031862688884689794,156.92335377264814,94.15401226358888,503.16937705602584,1287.9366096524316,3.4188356626933545,269.0541644053943,0.7202566527271406,0.06896458596202906,0.002197397146569577,-5.828463132687192e-05,0.19173643392487447,0.009937011726059932
144,0.125,3.0,0.2810866281321266,0.4502782074137,1.0,0.045536033757404504,109.80315120631168,65.88189072378701,353.58143240098946,1332.1359710441316,3.536293987983267,174.62520675862106,0.46319611936924393,0.04510713268468259,0.0020539999166294303,-0.0003674009001682455,0.2764147762410296,0.01414101404037982
144,0.15,3.0,0.3660054819145865,0.5457057241117264,1.0000000000000004,0.059292888070163,84.32714550998686,50.596287305992114,272.70522384122813,1413.3932330668847,3.751678783368747,183.25315464242092,0.49105313477860724,0.030772934506553586,0.0018246161612875387,-7.152499884381068e-05,0.3619496647095498,0.01833481562828827
144,0.175,3.0,0.4427770875450548,0.6175028082982288,1.0000000000000004,0.07172988818229888,69.70595001197665,41.82357000718599,226.2887301967513,1483.5662329149372,3.937836459997587,156.1040166501499,0.4202340166276554,0.02308785036405164,0.0016560889249830726,-0.0005972935947561919,0.4424833311746455,0.022095665107372556
144,0.2,3.0,0.5091918937083718,0.6675896948890476,1.0000000000000004,0.08248908678075623,60.614078724004536,36.36844723440272,197.42564674287155,1551.6684117683349,4.1188288481598905,163.14367581621485,0.4332051507156619,0.018352836640216946,0.001513908734287898,-0.0005668243413270535,0.5140534283161253,0.02532599022715642
144,0.225,3.0,0.5618404621066108,0.7019157143581572,1.0,0.09101815486127095,54.934095374938714,32.96045722496323,179.39395357123402,1654.1347398793316,4.391457336851888,154.34321122166958,0.4107945721929916,0.014636179936625283,0.0013321580920491866,-0.0009405181580325125,0.574806607595649,0.02787161941895992
144,0.25,3.0,0.5987129293755465,0.7225663828430717,1.0000000000000004,0.09699149455883854,51.55091199225536,30.930547195353213,168.65368886430272,1749.3370818570584,4.643401640891403,153.99808700037306,0.4088170851745907,0.012280523389946025,0.0011911063175556393,-0.0008873822422806772,0.6247859597723574,0.02964654988378556
144,0.3,3.0,0.6358731699927885,0.7383306208683463,1.0000000000000004,0.10301145353883173,48.538291891155325,29.122975134693192,159.0898155274772,1988.3872897005604,5.277824325616539,233.56446452137232,0.6194402240816108,0.008949732620200148,0.0009219249659907144,-0.0017876617083093158,0.6987630405018478,0.03142878746462827
144,0.35,3.0,0.6240284763529659,0.7019005262085368,1.0000000000000004,0.10109261316918047,49.45959791970559,29.675758751823352,162.01459657049392,2178.3437641172372,5.7826981278760385,353.0642793381999,0.9371036802114973,0.00759845465722852,0.0007681476373467605,-0.001754269100735805,0.7518448328240768,0.03086141684662627
144,0.4,3.0,0.5731385823667835,0.6221030553772496,1.0,0.09284845034341892,53.85119494731986,32.310716968391915,175.95617443593608,2408.0194639370434,6.391670364101872,552.2996425502956,1.4671247879687472,0.006770221645736318,0.0006286045882880884,-0.003048041300337953,0.7945835302569922,0.02841616678714762
144,0.45,3.0,0.4990393393031728,0.5264949505301249,1.0000000000000004,0.080844372967114,61.847223455291164,37.108334073174696,201.34039192155925,2692.049038787141,7.145287950453968,676.1541951906188,1.795931536443464,0.006221309424846827,0.0005029578594861384,-0.004200241848116714,0.8277492626206514,0.02483356644079626
144,0.5,3.0,0.38810114339295415,0.40200884637795786,1.0,0.06287238522965857,79.52617006235938,47.71570203741563,257.46403194399807,2693.1497854474856,7.149237980786971,951.6831171642008,2.52673633824213,0.007993124531095627,0.0005025468047076783,-0.0030857355411379626,0.8482947178465158,0.019420188374458334
144,0.55,3.0,0.28644111959158963,0.2955841712383193,1.0000000000000007,0.046403461373837517,107.75058264983274,64.65034958989963,347.06534174550075,2721.990454718968,7.227058041314769,1215.2516525201822,3.2248260634377863,0.010601662139140532,0.0004919538195720832,-0.0022979197892986692,0.8564926581240285,0.014406509088039237
144,0.6,3.0,0.20612479312040796,0.21464116596341826,1.0,0.03339221648550609,149.73549306528523,89.84129583917114,480.3507716358261,2704.830890007825,7.176988527743144,1399.5636666264388,3.7140834545094608,0.014920110865330407,0.0004982155720028644,-0.0035044981363370454,0.8576274020366357,0.010409059993747045
continuous,0.03,3.0,0.02174971193340394,0.042027065460575525,1.0,0.003523453333211438,1419.0623593254093,851.4374155952455,4509.959870874315,1215.6182457651246,3.228855823216686,835.1501172414137,2.2311206037711764,0.7000589123023971,0.002466624907996255,-0.00015782718836341675,0.019755221956220086,0.0011086573147336418
continuous,0.05,3.0,0.05663437504799699,0.10717800460067166,1.0000000000000004,0.009174768757775512,544.972863295607,326.98371797736417,1735.0725818908159,1235.7112139631304,3.279854633260176,360.16589885824897,0.9602377596951156,0.2601767173317635,0.0023870612176760545,-7.899995466019758e-05,0.053562907262502076,0.0028817238265336376
continuous,0.075,3.0,0.11945182937033898,0.21608717667914204,1.0,0.019351196357994916,258.3819577611933,155.02917465671598,825.2601833688676,1256.7223275053152,3.335947713559891,273.7688400134992,0.7265444489854905,0.11926446128826353,0.002307910008919671,-2.7659442508653483e-05,0.11501063855538658,0.0060586953069625355
continuous,0.1,3.0,0.19700141351571931,0.33698871288044346,1.0000000000000004,0.03191422898954653,156.66992931703737,94.00195759022242,502.3648549747218,1276.3510895135146,3.3878240755569062,265.5443047737433,0.712717049025911,0.07010885412165228,0.002237470024633124,-3.319019766068344e-05,0.19173643392487447,0.0099529255490048
continuous,0.125,3.0,0.2822521947540587,0.4520568096116845,1.0,0.04572485555015751,109.34971668779336,65.60983001267601,352.14195773902657,1333.1221108684929,3.538517205078927,175.6291528258329,0.4661171992069615,0.04485442846803615,0.002050962262485826,-8.583475168818699e-05,0.2764147762410296,0.014198819226493636
continuous,0.15,3.0,0.36852545106457785,0.5492068386084132,1.0000000000000004,0.059701123072461615,83.75051829311991,50.25031097587195,270.8746612479997,1418.3264651667562,3.764775468777929,185.0566660799907,0.49683351784306845,0.030350274150719447,0.001811945452355052,-2.0977917410868904e-05,0.3619496647095498,0.018458721745930464
continuous,0.175,3.0,0.4487418789590436,0.6248172221475055,1.0,0.07269618439136506,68.77940076032252,41.26764045619351,223.34730400102387,1473.2305681866944,3.91050781393397,150.36480380103146,0.40011090629524093,0.023101728366799048,0.0016794075051120526,-3.35757495025042e-05,0.4424833311746455,0.022386659298905525
continuous,0.2,3.0,0.5203443967030306,0.6811882889213333,0.9999999999999998,0.08429579226589094,59.31494165484197,35.588964992905176,193.3014020788634,1556.6174255411013,4.131754809018787,151.92198788321818,0.40327185555751704,0.017845464642601547,0.0015042975804010418,-4.819251784138559e-05,0.5140534283161253,0.025866341093377546
continuous,0.225,3.0,0.5810321940231024,0.7243467030806249,1.0,0.09412721543174257,53.11959965102555,31.87175979061533,173.6336496857954,1664.5496583427882,4.418464728073753,152.97440041499908,0.40878225180790495,0.0139761904367286,0.0013155398881530135,-3.562826524790501e-05,0.574806607595649,0.028796261606249235
continuous,0.25,3.0,0.6304909496237221,0.7593180317083307,1.0,0.10213953383904298,48.95264166644104,29.371584999864623,160.40521163949535,1757.9820417255692,4.666441312436626,133.45357314725817,0.35423653714325554,0.011547149605401135,0.001179420477865361,-1.4124236703016919e-05,0.6247859597723574,0.03117105703047424
continuous,0.3,3.0,0.7038244206801265,0.8156497551986068,1.0,0.1140195561501805,43.85212650200344,26.311275901202066,144.21310000636015,1998.467101051502,5.3048140302253834,138.06887890388543,0.36552885500557686,0.008004315159187805,0.0009126484617367548,-1.718805981704068e-05,0.6987630405018478,0.03467091408325241
continuous,0.35,3.0,0.7560228494427128,0.8508537872453087,1.0,0.12247570160971945,40.82442422688035,24.494654536128213,134.60134675200112,2231.3642159090023,5.922966278583556,128.0068207673392,0.3410531634915532,0.0059773222264831475,0.0007320767334358941,-1.5629131156622478e-05,0.7518448328240768,0.03714673085115818
continuous,0.4,3.0,0.7979929660273224,0.8623295815896725,1.0,0.12927486049642622,38.67728018270206,23.206368109621238,127.78501645302242,2494.027824489541,6.620189510805583,120.91657792346317,0.32169045562324333,0.004532949347591532,0.0005859963945472615,-0.00014106228182715643,0.7945835302569922,0.03912821814941151
continuous,0.45,3.0,0.8306097791752779,0.8626285412299215,1.0,0.134558784226395,37.15848079890129,22.295088479340773,122.96343110762314,2738.05206777107,7.268014559928283,116.94177601795491,0.3103708420590321,0.003613283792304295,0.00048619907415740394,-3.91446163269347e-05,0.8277492626206514,0.04066249579213331
continuous,0.5,3.0,0.8509645955759856,0.8673565405037912,1.0000000000000004,0.13785626448330965,36.269661148444605,21.761796689066763,120.14178142363366,3011.7052110293266,7.994306819275629,128.52455871191478,0.34390681351705427,0.0029150506535589767,0.000401857993879271,-1.4832091145969471e-05,0.8482947178465158,0.04161749510246921
continuous,0.55,3.0,0.8593244017728584,0.8794750071822848,1.0,0.13921055308720304,35.916817289476214,21.550090373685727,119.02164218881337,3289.0386981506836,8.730396220064666,119.46512660552291,0.31743543757927833,0.0024204014645901706,0.0003369454265786739,-4.636936626659104e-05,0.8564926581240285,0.04200916663599808
continuous,0.6,3.0,0.8605413102721309,0.8926972763547314,1.0000000000000004,0.1394076922640852,35.866026607257176,21.519615964354305,118.86040192780055,3586.999715776254,9.521413351520543,120.26311504039923,0.3211596161419221,0.0020321141976710456,0.0002832923507144036,-5.240269329823846e-05,0.8576274020366357,0.042066154235597765
